id;username;listento;delay
129;CelAndroid;Teste8192;2212
131;CelAndroid;Teste8192;2306
135;CelAndroid;Teste8192;2310
137;CelAndroid;Teste8192;2216
140;CelAndroid;Teste8192;2183
146;CelAndroid;Teste8192;2041
148;CelAndroid;Teste8192;2092
149;CelAndroid;Teste8192;2166
152;CelAndroid;Teste8192;1985
155;CelAndroid;Teste8192;2030
159;CelAndroid;Teste8192;1845
161;CelAndroid;Teste8192;1880
164;CelAndroid;Teste8192;1876
167;CelAndroid;Teste8192;1881
171;CelAndroid;Teste8192;1890
173;CelAndroid;Teste8192;1862
177;CelAndroid;Teste8192;1797
181;CelAndroid;Teste8192;1769
184;CelAndroid;Teste8192;1878
186;CelAndroid;Teste8192;1932
189;CelAndroid;Teste8192;1875
193;CelAndroid;Teste8192;1938
195;CelAndroid;Teste8192;2004
197;CelAndroid;Teste8192;1985
200;CelAndroid;Teste8192;2003
203;CelAndroid;Teste8192;1704
208;CelAndroid;Teste8192;1443
210;CelAndroid;Teste8192;1448
214;CelAndroid;Teste8192;1199
216;CelAndroid;Teste8192;1168
218;CelAndroid;Teste8192;1159
222;CelAndroid;Teste8192;1156
226;CelAndroid;Teste8192;1017
228;CelAndroid;Teste8192;976
230;CelAndroid;Teste8192;956
233;CelAndroid;Teste8192;906
238;CelAndroid;Teste8192;917
239;CelAndroid;Teste8192;927
241;CelAndroid;Teste8192;955
246;CelAndroid;Teste8192;982
248;CelAndroid;Teste8192;952
253;CelAndroid;Teste8192;901
255;CelAndroid;Teste8192;970
266;MacBook;Teste8192;62588
268;CelLuca;Teste8192;833
269;CelLuca;Teste8192;712
271;MacBook;Teste8192;62546
277;CelLuca;Teste8192;603
291;CelLuca;Teste8192;444
295;CelLuca;Teste8192;366
296;MacBook;Teste8192;62752
300;CelLuca;Teste8192;633
302;MacBook;Teste8192;62747
350;MacBook;Teste8192;62803
354;CelLuca;Teste8192;651
356;MacBook;Teste8192;62910
377;MacBook;Teste8192;62886
378;MacBook;Teste8192;63014
416;CelLuca;Teste8192;4794
417;CelLuca;Teste8192;4647
419;CelLuca;Teste8192;4531
420;MacBook;Teste8192;62880
421;CelLuca;Teste8192;4399
422;CelLuca;Teste8192;4246
423;CelLuca;Teste8192;4093
424;CelLuca;Teste8192;3954
427;MacBook;Teste8192;62763
431;CelLuca;Teste8192;3553
432;MacBook;Teste8192;62746
433;CelLuca;Teste8192;3471
439;CelLuca;Teste8192;3355
440;MacBook;Teste8192;62919
442;CelLuca;Teste8192;3229
443;CelLuca;Teste8192;3105
444;CelLuca;Teste8192;2959
445;CelLuca;Teste8192;2875
500;CelLuca;Teste8192;676
508;CelLuca;Teste8192;732
510;CelLuca;Teste8192;581
513;CelLuca;Teste8192;504
515;MacBook;Teste8192;62900
516;CelLuca;Teste8192;474
525;CelLuca;Teste8192;583
267;CelAndroid;Teste8192;1046
270;CelAndroid;Teste8192;1139
272;CelAndroid;Teste8192;1213
339;CelAndroid;Teste8192;1419
347;CelAndroid;Teste8192;1185
351;CelAndroid;Teste8192;1251
418;CelAndroid;Teste8192;1484
429;CelAndroid;Teste8192;1163
430;CelAndroid;Teste8192;1316
441;CelAndroid;Teste8192;1449
509;CelAndroid;Teste8192;1316
514;CelAndroid;Teste8192;1362
526;CelAndroid;Teste8192;1272
273;MacBook;Teste8192;62666
275;MacBook;Teste8192;62771
349;CelLuca;Teste8192;718
352;MacBook;Teste8192;62904
358;CelLuca;Teste8192;448
359;MacBook;Teste8192;63017
361;CelLuca;Teste8192;368
362;MacBook;Teste8192;62772
374;MacBook;Teste8192;62827
380;MacBook;Teste8192;63113
398;MacBook;Teste8192;62902
400;MacBook;Teste8192;62821
402;MacBook;Teste8192;62894
404;MacBook;Teste8192;62720
411;MacBook;Teste8192;62917
412;MacBook;Teste8192;62997
448;CelLuca;Teste8192;2419
499;MacBook;Teste8192;62880
502;MacBook;Teste8192;62984
503;CelLuca;Teste8192;559
505;CelLuca;Teste8192;436
506;MacBook;Teste8192;62688
511;MacBook;Teste8192;62765
512;MacBook;Teste8192;62850
518;CelLuca;Teste8192;345
519;MacBook;Teste8192;62975
521;MacBook;Teste8192;63069
522;CelLuca;Teste8192;288
524;MacBook;Teste8192;62769
527;MacBook;Teste8192;62892
536;CelLuca;Teste8192;330
537;MacBook;Teste8192;63001
353;CelAndroid;Teste8192;1316
360;CelAndroid;Teste8192;1513
375;CelAndroid;Teste8192;1305
399;CelAndroid;Teste8192;1302
401;CelAndroid;Teste8192;1315
403;CelAndroid;Teste8192;1373
407;CelAndroid;Teste8192;1322
408;CelAndroid;Teste8192;1435
413;CelAndroid;Teste8192;1499
501;CelAndroid;Teste8192;1348
504;CelAndroid;Teste8192;1475
507;CelAndroid;Teste8192;1176
517;CelAndroid;Teste8192;1397
520;CelAndroid;Teste8192;1435
523;CelAndroid;Teste8192;1548
535;CelAndroid;Teste8192;1429
538;CelAndroid;Teste8192;1519
276;CelAndroid;Teste8192;1280
305;CelAndroid;Teste8192;1313
315;CelAndroid;Teste8192;1255
318;CelAndroid;Teste8192;1280
321;CelAndroid;Teste8192;1279
274;CelLuca;Teste8192;725
292;MacBook;Teste8192;62920
304;CelLuca;Teste8192;608
306;MacBook;Teste8192;62764
313;MacBook;Teste8192;62677
314;MacBook;Teste8192;62758
319;CelLuca;Teste8192;619
320;CelLuca;Teste8192;578
322;MacBook;Teste8192;62730
323;MacBook;Teste8192;62788
330;CelLuca;Teste8192;614
331;MacBook;Teste8192;62841
338;MacBook;Teste8192;62903
342;CelLuca;Teste8192;434
346;CelLuca;Teste8192;824
386;MacBook;Teste8192;62867
389;MacBook;Teste8192;62837
390;MacBook;Teste8192;62973
393;MacBook;Teste8192;62902
394;MacBook;Teste8192;62677
415;CelLuca;Teste8192;4948
428;CelLuca;Teste8192;3652
447;CelLuca;Teste8192;2576
449;CelLuca;Teste8192;2269
450;CelLuca;Teste8192;2104
451;MacBook;Teste8192;62670
456;MacBook;Teste8192;62860
461;CelLuca;Teste8192;1958
462;MacBook;Teste8192;63011
475;MacBook;Teste8192;62580
476;MacBook;Teste8192;62662
478;CelLuca;Teste8192;688
480;CelLuca;Teste8192;644
482;CelLuca;Teste8192;585
490;MacBook;Teste8192;62608
491;MacBook;Teste8192;62667
492;CelLuca;Teste8192;746
493;MacBook;Teste8192;62771
528;CelLuca;Teste8192;465
324;CelAndroid;Teste8192;1282
332;CelAndroid;Teste8192;1172
341;CelAndroid;Teste8192;1474
381;CelAndroid;Teste8192;1603
391;CelAndroid;Teste8192;1467
392;CelAndroid;Teste8192;1503
395;CelAndroid;Teste8192;1172
396;CelAndroid;Teste8192;1322
452;CelAndroid;Teste8192;1160
455;CelAndroid;Teste8192;1299
460;CelAndroid;Teste8192;1454
474;CelAndroid;Teste8192;1144
477;CelAndroid;Teste8192;1166
479;CelAndroid;Teste8192;1223
481;CelAndroid;Teste8192;1345
483;CelAndroid;Teste8192;1448
498;CelAndroid;Teste8192;1262
529;CelAndroid;Teste8192;1339
278;CelAndroid;Teste8192;1365
290;CelAndroid;Teste8192;1445
294;CelAndroid;Teste8192;1511
297;CelAndroid;Teste8192;1195
301;CelAndroid;Teste8192;1275
303;CelAndroid;Teste8192;1268
309;CelAndroid;Teste8192;1300
311;CelAndroid;Teste8192;1247
327;CelAndroid;Teste8192;1354
334;CelAndroid;Teste8192;1325
336;CelAndroid;Teste8192;1340
357;CelAndroid;Teste8192;1437
363;CelAndroid;Teste8192;1271
282;CelLuca;Teste8192;596
283;MacBook;Teste8192;62658
284;MacBook;Teste8192;62832
285;CelLuca;Teste8192;530
293;MacBook;Teste8192;62989
298;MacBook;Teste8192;62767
299;CelLuca;Teste8192;771
307;CelLuca;Teste8192;635
308;MacBook;Teste8192;62803
310;CelLuca;Teste8192;597
312;CelLuca;Teste8192;652
316;CelLuca;Teste8192;633
317;MacBook;Teste8192;62753
325;CelLuca;Teste8192;608
326;MacBook;Teste8192;62849
328;CelLuca;Teste8192;569
329;MacBook;Teste8192;62776
333;CelLuca;Teste8192;566
335;MacBook;Teste8192;62842
337;CelLuca;Teste8192;601
348;MacBook;Teste8192;62640
355;CelLuca;Teste8192;569
364;MacBook;Teste8192;62904
366;MacBook;Teste8192;62981
539;MacBook;Teste8192;62685
552;MacBook;Teste8192;62908
553;CelLuca;Teste8192;447
542;CelAndroid;Teste8192;1302
550;CelAndroid;Teste8192;1319
551;CelAndroid;Teste8192;1445
554;CelAndroid;Teste8192;1062
541;CelLuca;Teste8192;744
567;CelLuca;Teste8192;704
578;CelLuca;Teste8192;419
580;CelLuca;Teste8192;391
585;MacBook;Teste8192;62475
588;CelLuca;Teste8192;719
589;CelLuca;Teste8192;580
599;CelLuca;Teste8192;508
607;CelLuca;Teste8192;660
623;CelLuca;Teste8192;655
629;MacBook;Teste8192;62818
630;CelLuca;Teste8192;535
631;MacBook;Teste8192;62888
632;CelLuca;Teste8192;477
635;MacBook;Teste8192;62677
636;MacBook;Teste8192;62755
644;CelLuca;Teste8192;530
655;MacBook;Teste8192;62911
661;CelLuca;Teste8192;531
662;MacBook;Teste8192;62980
664;CelLuca;Teste8192;431
669;MacBook;Teste8192;62672
673;CelLuca;Teste8192;658
674;MacBook;Teste8192;62843
675;CelLuca;Teste8192;557
693;CelLuca;Teste8192;567
705;MacBook;Teste8192;62866
708;CelLuca;Teste8192;446
710;CelLuca;Teste8192;382
711;MacBook;Teste8192;62737
719;MacBook;Teste8192;62742
722;CelLuca;Teste8192;673
540;CelAndroid;Teste8192;1153
557;CelAndroid;Teste8192;1199
576;CelAndroid;Teste8192;1164
577;CelAndroid;Teste8192;1298
579;CelAndroid;Teste8192;1400
587;CelAndroid;Teste8192;1173
624;CelAndroid;Teste8192;1184
633;CelAndroid;Teste8192;1205
634;CelAndroid;Teste8192;1351
640;CelAndroid;Teste8192;1162
643;CelAndroid;Teste8192;1220
645;CelAndroid;Teste8192;1304
657;CelAndroid;Teste8192;1364
663;CelAndroid;Teste8192;1459
691;CelAndroid;Teste8192;1293
692;CelAndroid;Teste8192;1313
694;CelAndroid;Teste8192;1458
709;CelAndroid;Teste8192;1524
717;CelAndroid;Teste8192;1196
718;CelAndroid;Teste8192;1300
543;CelLuca;Teste8192;619
548;MacBook;Teste8192;62804
555;MacBook;Teste8192;62527
568;MacBook;Teste8192;62979
573;MacBook;Teste8192;62771
574;MacBook;Teste8192;62843
586;MacBook;Teste8192;62628
594;MacBook;Teste8192;62818
595;CelLuca;Teste8192;540
596;MacBook;Teste8192;62912
606;MacBook;Teste8192;62890
610;MacBook;Teste8192;62987
625;MacBook;Teste8192;62649
626;MacBook;Teste8192;62818
627;CelLuca;Teste8192;616
638;CelLuca;Teste8192;850
639;CelLuca;Teste8192;704
656;CelLuca;Teste8192;636
658;CelLuca;Teste8192;567
670;MacBook;Teste8192;62831
677;MacBook;Teste8192;62946
689;CelLuca;Teste8192;530
706;CelLuca;Teste8192;484
712;MacBook;Teste8192;62913
713;CelLuca;Teste8192;336
714;MacBook;Teste8192;62992
716;MacBook;Teste8192;62687
720;CelLuca;Teste8192;820
721;MacBook;Teste8192;62867
566;CelAndroid;Teste8192;1360
569;CelAndroid;Teste8192;1470
590;CelAndroid;Teste8192;1296
597;CelAndroid;Teste8192;1402
600;CelAndroid;Teste8192;1513
611;CelAndroid;Teste8192;1300
612;CelAndroid;Teste8192;1406
622;CelAndroid;Teste8192;1161
628;CelAndroid;Teste8192;1168
637;CelAndroid;Teste8192;1061
685;CelAndroid;Teste8192;1156
707;CelAndroid;Teste8192;1477
715;CelAndroid;Teste8192;1506
544;MacBook;Teste8192;62646
545;MacBook;Teste8192;62746
546;CelLuca;Teste8192;615
549;CelLuca;Teste8192;541
556;CelLuca;Teste8192;844
678;CelLuca;Teste8192;468
680;MacBook;Teste8192;63044
681;CelLuca;Teste8192;338
683;MacBook;Teste8192;62703
684;CelLuca;Teste8192;715
686;CelLuca;Teste8192;576
688;MacBook;Teste8192;62672
547;CelAndroid;Teste8192;1256
660;CelAndroid;Teste8192;1432
679;CelAndroid;Teste8192;1402
682;CelAndroid;Teste8192;1532
687;CelAndroid;Teste8192;1257
560;CelAndroid;Teste8192;1314
563;CelAndroid;Teste8192;1274
581;CelAndroid;Teste8192;1475
582;CelAndroid;Teste8192;1611
593;CelAndroid;Teste8192;1364
603;CelAndroid;Teste8192;1607
609;CelAndroid;Teste8192;1152
617;CelAndroid;Teste8192;1480
618;CelAndroid;Teste8192;1630
647;CelAndroid;Teste8192;1379
649;CelAndroid;Teste8192;1506
654;CelAndroid;Teste8192;1262
666;CelAndroid;Teste8192;1595
668;CelAndroid;Teste8192;1215
672;CelAndroid;Teste8192;1237
558;MacBook;Teste8192;62686
559;MacBook;Teste8192;62811
561;CelLuca;Teste8192;815
562;MacBook;Teste8192;62829
564;MacBook;Teste8192;62896
565;CelLuca;Teste8192;844
570;CelLuca;Teste8192;607
571;CelLuca;Teste8192;488
572;CelLuca;Teste8192;571
575;CelLuca;Teste8192;509
583;CelLuca;Teste8192;277
584;MacBook;Teste8192;62304
591;MacBook;Teste8192;62571
592;MacBook;Teste8192;62735
598;MacBook;Teste8192;63036
601;CelLuca;Teste8192;384
602;MacBook;Teste8192;63123
604;CelLuca;Teste8192;281
605;MacBook;Teste8192;62717
608;CelLuca;Teste8192;515
613;CelLuca;Teste8192;474
614;MacBook;Teste8192;62969
615;CelLuca;Teste8192;383
616;MacBook;Teste8192;63146
619;CelLuca;Teste8192;257
620;MacBook;Teste8192;62760
621;CelLuca;Teste8192;709
641;MacBook;Teste8192;62780
642;CelLuca;Teste8192;655
646;CelLuca;Teste8192;412
648;MacBook;Teste8192;62615
650;CelLuca;Teste8192;378
651;MacBook;Teste8192;62781
652;MacBook;Teste8192;62957
653;MacBook;Teste8192;62747
659;MacBook;Teste8192;62911
665;MacBook;Teste8192;63084
667;CelLuca;Teste8192;306
671;CelLuca;Teste8192;727
734;MacBook;Teste4096;63802
735;MacBook;Teste4096;63805
736;CelAndroid;Teste4096;2234
737;CelAndroid;Teste4096;2305
744;CelLuca;Teste4096;446
757;CelAndroid;Teste4096;2266
758;MacBook;Teste4096;63731
759;CelAndroid;Teste4096;2242
760;CelLuca;Teste4096;335
761;MacBook;Teste4096;63741
762;CelAndroid;Teste4096;2259
763;CelLuca;Teste4096;373
764;MacBook;Teste4096;63759
765;CelLuca;Teste4096;377
767;CelAndroid;Teste4096;2199
788;MacBook;Teste4096;63669
789;CelLuca;Teste4096;291
793;CelLuca;Teste4096;263
794;MacBook;Teste4096;63682
795;CelLuca;Teste4096;310
809;MacBook;Teste4096;63735
812;CelLuca;Teste4096;327
813;CelAndroid;Teste4096;2260
814;CelLuca;Teste4096;373
815;MacBook;Teste4096;63736
816;CelAndroid;Teste4096;2249
817;CelLuca;Teste4096;350
818;MacBook;Teste4096;63742
819;CelAndroid;Teste4096;2250
823;CelLuca;Teste4096;395
824;MacBook;Teste4096;63733
825;CelAndroid;Teste4096;2238
826;CelLuca;Teste4096;344
832;CelAndroid;Teste4096;2285
833;MacBook;Teste4096;63756
834;CelAndroid;Teste4096;2273
835;CelLuca;Teste4096;389
836;MacBook;Teste4096;63778
837;CelAndroid;Teste4096;2275
838;CelLuca;Teste4096;393
839;MacBook;Teste4096;63749
840;CelAndroid;Teste4096;2254
849;CelAndroid;Teste4096;2227
866;MacBook;Teste4096;63653
867;MacBook;Teste4096;63745
868;CelLuca;Teste4096;389
869;MacBook;Teste4096;63769
870;CelLuca;Teste4096;405
871;CelAndroid;Teste4096;2280
872;CelAndroid;Teste4096;2234
873;CelLuca;Teste4096;340
874;CelAndroid;Teste4096;2284
875;CelLuca;Teste4096;383
937;CelAndroid;Teste4096;2271
938;MacBook;Teste4096;63735
939;CelAndroid;Teste4096;2245
954;CelLuca;Teste4096;361
955;CelLuca;Teste4096;397
956;CelAndroid;Teste4096;2268
957;CelAndroid;Teste4096;2283
960;MacBook;Teste4096;63654
964;CelLuca;Teste4096;360
965;MacBook;Teste4096;63771
966;CelAndroid;Teste4096;2288
967;CelLuca;Teste4096;377
968;MacBook;Teste4096;63773
969;CelLuca;Teste4096;402
970;CelAndroid;Teste4096;2276
971;MacBook;Teste4096;63766
972;CelAndroid;Teste4096;2287
973;CelLuca;Teste4096;401
974;MacBook;Teste4096;63767
975;CelLuca;Teste4096;393
976;CelAndroid;Teste4096;2270
977;MacBook;Teste4096;63741
978;CelAndroid;Teste4096;2242
981;CelAndroid;Teste4096;2288
982;CelLuca;Teste4096;388
983;MacBook;Teste4096;63775
984;CelAndroid;Teste4096;2279
985;CelLuca;Teste4096;391
986;MacBook;Teste4096;63750
987;CelAndroid;Teste4096;2253
988;CelLuca;Teste4096;367
989;MacBook;Teste4096;63774
990;CelAndroid;Teste4096;2293
991;CelLuca;Teste4096;390
992;MacBook;Teste4096;63770
993;CelAndroid;Teste4096;2289
1002;CelAndroid;Teste4096;2267
1003;CelLuca;Teste4096;349
1004;MacBook;Teste4096;63765
1005;CelAndroid;Teste4096;2285
1006;CelLuca;Teste4096;392
1007;MacBook;Teste4096;63769
1008;CelAndroid;Teste4096;2273
1009;CelLuca;Teste4096;379
1010;MacBook;Teste4096;63745
1011;CelAndroid;Teste4096;2247
1015;CelLuca;Teste4096;397
1016;MacBook;Teste4096;63762
1017;CelAndroid;Teste4096;2264
1021;CelAndroid;Teste4096;2245
1022;MacBook;Teste4096;63780
1023;CelLuca;Teste4096;410
1024;CelAndroid;Teste4096;2272
1025;MacBook;Teste4096;63776
1026;CelAndroid;Teste4096;2279
1027;CelLuca;Teste4096;366
1028;MacBook;Teste4096;63763
1029;CelAndroid;Teste4096;2268
1030;CelLuca;Teste4096;386
1031;MacBook;Teste4096;63777
1032;CelLuca;Teste4096;407
1033;CelAndroid;Teste4096;2281
1034;MacBook;Teste4096;63778
1035;CelAndroid;Teste4096;2280
1036;CelLuca;Teste4096;391
1037;MacBook;Teste4096;63769
1038;CelLuca;Teste4096;382
1039;CelAndroid;Teste4096;2257
1040;MacBook;Teste4096;63772
1041;CelLuca;Teste4096;398
1042;CelAndroid;Teste4096;2275
1043;MacBook;Teste4096;63761
1044;CelAndroid;Teste4096;2278
1045;CelLuca;Teste4096;398
1046;MacBook;Teste4096;63776
1047;CelLuca;Teste4096;395
738;CelLuca;Teste4096;340
739;CelLuca;Teste4096;396
740;MacBook;Teste4096;63817
741;CelLuca;Teste4096;447
742;CelAndroid;Teste4096;2328
743;MacBook;Teste4096;63807
769;MacBook;Teste4096;63651
770;MacBook;Teste4096;63703
771;CelAndroid;Teste4096;2226
775;CelLuca;Teste4096;284
781;CelLuca;Teste4096;307
782;MacBook;Teste4096;63673
783;CelLuca;Teste4096;311
784;CelAndroid;Teste4096;2160
785;MacBook;Teste4096;63668
786;CelAndroid;Teste4096;2168
797;MacBook;Teste4096;63675
798;CelAndroid;Teste4096;2184
799;CelLuca;Teste4096;270
800;MacBook;Teste4096;63675
801;CelAndroid;Teste4096;2185
805;CelLuca;Teste4096;342
806;MacBook;Teste4096;63711
807;CelAndroid;Teste4096;2220
811;MacBook;Teste4096;63756
820;CelLuca;Teste4096;357
821;MacBook;Teste4096;63770
822;CelAndroid;Teste4096;2276
827;MacBook;Teste4096;63777
828;CelAndroid;Teste4096;2284
829;CelLuca;Teste4096;379
830;MacBook;Teste4096;63780
831;CelLuca;Teste4096;405
841;CelLuca;Teste4096;364
842;MacBook;Teste4096;63773
843;CelLuca;Teste4096;400
844;CelAndroid;Teste4096;2267
845;MacBook;Teste4096;63777
846;CelAndroid;Teste4096;2288
847;CelLuca;Teste4096;390
848;MacBook;Teste4096;63703
877;MacBook;Teste4096;63715
878;MacBook;Teste4096;63750
879;CelLuca;Teste4096;396
883;CelLuca;Teste4096;364
884;MacBook;Teste4096;63772
885;CelAndroid;Teste4096;2291
886;CelLuca;Teste4096;398
887;MacBook;Teste4096;63757
888;CelAndroid;Teste4096;2270
889;CelLuca;Teste4096;386
890;MacBook;Teste4096;63765
891;CelAndroid;Teste4096;2276
892;CelLuca;Teste4096;383
893;MacBook;Teste4096;63762
894;CelAndroid;Teste4096;2288
895;CelLuca;Teste4096;392
896;MacBook;Teste4096;63732
897;CelAndroid;Teste4096;2235
898;MacBook;Teste4096;63778
899;CelLuca;Teste4096;346
913;CelLuca;Teste4096;401
914;MacBook;Teste4096;63765
915;CelAndroid;Teste4096;2294
916;CelLuca;Teste4096;399
917;MacBook;Teste4096;63765
918;CelAndroid;Teste4096;2288
919;CelLuca;Teste4096;397
920;MacBook;Teste4096;63742
921;CelAndroid;Teste4096;2240
933;CelAndroid;Teste4096;2269
935;CelLuca;Teste4096;387
961;MacBook;Teste4096;63743
962;MacBook;Teste4096;63724
963;CelAndroid;Teste4096;2248
979;CelLuca;Teste4096;365
980;MacBook;Teste4096;63767
994;CelLuca;Teste4096;405
995;MacBook;Teste4096;63754
996;CelAndroid;Teste4096;2274
997;CelLuca;Teste4096;375
998;MacBook;Teste4096;63773
999;CelLuca;Teste4096;403
1000;CelAndroid;Teste4096;2284
1001;MacBook;Teste4096;63754
1012;CelLuca;Teste4096;357
1013;MacBook;Teste4096;63766
1014;CelAndroid;Teste4096;2275
1018;CelLuca;Teste4096;382
1019;MacBook;Teste4096;63753
1020;CelLuca;Teste4096;376
1048;CelAndroid;Teste4096;2274
1049;MacBook;Teste4096;63774
1050;CelAndroid;Teste4096;2292
1051;CelLuca;Teste4096;394
1052;MacBook;Teste4096;63769
1053;CelLuca;Teste4096;407
1063;CelAndroid;Teste4096;2285
1064;MacBook;Teste4096;63770
1065;CelAndroid;Teste4096;2283
1066;CelLuca;Teste4096;391
1067;MacBook;Teste4096;63761
1068;CelLuca;Teste4096;407
1069;CelAndroid;Teste4096;2280
1070;MacBook;Teste4096;63781
1071;CelLuca;Teste4096;400
1072;CelAndroid;Teste4096;2270
1073;MacBook;Teste4096;63767
1074;CelAndroid;Teste4096;2272
1075;CelLuca;Teste4096;390
1076;MacBook;Teste4096;63779
1077;CelLuca;Teste4096;404
1078;CelAndroid;Teste4096;2276
1079;MacBook;Teste4096;63754
1080;CelAndroid;Teste4096;2279
1081;CelLuca;Teste4096;385
1082;MacBook;Teste4096;63769
1083;CelAndroid;Teste4096;2276
1084;CelLuca;Teste4096;392
1085;MacBook;Teste4096;63776
1086;CelLuca;Teste4096;400
1087;CelAndroid;Teste4096;2275
1088;MacBook;Teste4096;63771
1089;CelAndroid;Teste4096;2282
1090;CelLuca;Teste4096;387
1091;MacBook;Teste4096;63771
1092;CelLuca;Teste4096;404
1093;CelAndroid;Teste4096;2274
1094;MacBook;Teste4096;63770
1095;CelAndroid;Teste4096;2284
1096;CelLuca;Teste4096;385
745;CelAndroid;Teste4096;2320
746;MacBook;Teste4096;63816
747;CelLuca;Teste4096;456
748;CelAndroid;Teste4096;2326
749;MacBook;Teste4096;63813
750;CelLuca;Teste4096;451
751;CelAndroid;Teste4096;2326
752;MacBook;Teste4096;63786
753;CelAndroid;Teste4096;2301
754;CelLuca;Teste4096;411
755;MacBook;Teste4096;63756
756;CelLuca;Teste4096;387
766;CelAndroid;Teste4096;2247
768;CelLuca;Teste4096;313
772;CelLuca;Teste4096;343
773;MacBook;Teste4096;63675
774;CelAndroid;Teste4096;2190
776;MacBook;Teste4096;63665
777;CelAndroid;Teste4096;2193
778;CelLuca;Teste4096;275
779;CelAndroid;Teste4096;2232
780;MacBook;Teste4096;63684
787;CelLuca;Teste4096;281
790;CelAndroid;Teste4096;2164
791;MacBook;Teste4096;63659
792;CelAndroid;Teste4096;2152
796;CelAndroid;Teste4096;2184
802;CelLuca;Teste4096;304
803;MacBook;Teste4096;63709
804;CelAndroid;Teste4096;2220
808;CelLuca;Teste4096;335
810;CelAndroid;Teste4096;2232
850;CelLuca;Teste4096;344
851;MacBook;Teste4096;63764
852;CelAndroid;Teste4096;2273
853;CelLuca;Teste4096;392
854;MacBook;Teste4096;63777
855;CelLuca;Teste4096;405
856;CelAndroid;Teste4096;2276
857;MacBook;Teste4096;63758
858;CelAndroid;Teste4096;2261
859;CelLuca;Teste4096;365
860;MacBook;Teste4096;63767
861;CelLuca;Teste4096;397
862;CelAndroid;Teste4096;2274
863;CelAndroid;Teste4096;2285
864;CelLuca;Teste4096;382
865;CelAndroid;Teste4096;2283
876;MacBook;Teste4096;63626
880;CelAndroid;Teste4096;2275
881;MacBook;Teste4096;63747
882;CelAndroid;Teste4096;2246
900;CelAndroid;Teste4096;2287
901;CelLuca;Teste4096;383
902;MacBook;Teste4096;63778
903;CelLuca;Teste4096;405
904;CelAndroid;Teste4096;2278
905;MacBook;Teste4096;63754
906;CelAndroid;Teste4096;2260
907;CelLuca;Teste4096;364
908;MacBook;Teste4096;63768
909;CelLuca;Teste4096;400
910;CelAndroid;Teste4096;2284
911;MacBook;Teste4096;63769
912;CelAndroid;Teste4096;2285
922;CelLuca;Teste4096;354
923;MacBook;Teste4096;63765
924;CelAndroid;Teste4096;2275
925;CelLuca;Teste4096;385
926;MacBook;Teste4096;63775
927;CelLuca;Teste4096;409
928;CelAndroid;Teste4096;2284
929;MacBook;Teste4096;63749
930;CelAndroid;Teste4096;2263
931;CelLuca;Teste4096;368
932;MacBook;Teste4096;63746
934;CelLuca;Teste4096;381
936;MacBook;Teste4096;63756
940;CelLuca;Teste4096;353
941;MacBook;Teste4096;63756
942;CelAndroid;Teste4096;2282
943;CelLuca;Teste4096;397
944;MacBook;Teste4096;63778
945;CelAndroid;Teste4096;2284
946;CelLuca;Teste4096;378
947;MacBook;Teste4096;63777
948;CelAndroid;Teste4096;2286
949;CelLuca;Teste4096;405
950;MacBook;Teste4096;63775
951;CelAndroid;Teste4096;2286
952;CelLuca;Teste4096;396
953;CelAndroid;Teste4096;2249
958;MacBook;Teste4096;63564
959;CelLuca;Teste4096;397
1054;CelAndroid;Teste4096;2283
1055;MacBook;Teste4096;63763
1056;CelLuca;Teste4096;404
1057;CelAndroid;Teste4096;2284
1058;MacBook;Teste4096;63764
1059;CelAndroid;Teste4096;2273
1060;CelLuca;Teste4096;383
1061;MacBook;Teste4096;63767
1062;CelLuca;Teste4096;404
1118;MacBook;Teste4096;63727
1120;CelAndroid;Teste4096;2210
1121;MacBook;Teste4096;63731
1122;CelAndroid;Teste4096;2243
1097;MacBook;Teste4096;63773
1098;CelLuca;Teste4096;403
1099;CelAndroid;Teste4096;2273
1100;MacBook;Teste4096;63772
1101;CelAndroid;Teste4096;2285
1102;CelLuca;Teste4096;387
1103;MacBook;Teste4096;63755
1104;CelLuca;Teste4096;404
1105;CelAndroid;Teste4096;2279
1106;MacBook;Teste4096;63771
1107;CelAndroid;Teste4096;2289
1108;CelLuca;Teste4096;397
1109;MacBook;Teste4096;63772
1110;CelAndroid;Teste4096;2281
1111;CelLuca;Teste4096;390
1112;MacBook;Teste4096;63776
1113;CelAndroid;Teste4096;2283
1114;CelLuca;Teste4096;397
1115;MacBook;Teste4096;63776
1116;CelAndroid;Teste4096;2286
1117;CelLuca;Teste4096;393
1119;CelLuca;Teste4096;334
1123;CelLuca;Teste4096;349
1124;MacBook;Teste4096;63757
1125;CelAndroid;Teste4096;2272
1126;CelLuca;Teste4096;375
1127;MacBook;Teste4096;63775
1128;CelLuca;Teste4096;404
1129;CelAndroid;Teste4096;2276
1130;MacBook;Teste4096;63768
1131;CelLuca;Teste4096;403
1132;CelAndroid;Teste4096;2282
1133;MacBook;Teste4096;63766
1134;CelAndroid;Teste4096;2289
1135;CelLuca;Teste4096;387
1136;MacBook;Teste4096;63777
1137;CelAndroid;Teste4096;2289
1138;CelLuca;Teste4096;407
1139;MacBook;Teste4096;63764
1140;CelAndroid;Teste4096;2282
1165;CelLuca;Teste4096;399
1166;MacBook;Teste4096;63771
1167;CelLuca;Teste4096;392
1168;CelAndroid;Teste4096;2263
1169;MacBook;Teste4096;63772
1170;CelAndroid;Teste4096;2284
1171;CelLuca;Teste4096;396
1172;MacBook;Teste4096;63771
1173;CelAndroid;Teste4096;2277
1174;CelLuca;Teste4096;385
1175;MacBook;Teste4096;63772
1176;CelAndroid;Teste4096;2283
1177;CelLuca;Teste4096;398
1178;MacBook;Teste4096;63771
1179;CelAndroid;Teste4096;2281
1180;CelLuca;Teste4096;369
1181;MacBook;Teste4096;63766
1182;CelAndroid;Teste4096;2282
1183;CelLuca;Teste4096;400
1184;MacBook;Teste4096;63769
1185;CelAndroid;Teste4096;2285
1186;CelLuca;Teste4096;394
1187;MacBook;Teste4096;63757
1188;CelLuca;Teste4096;392
1189;CelAndroid;Teste4096;2265
1190;MacBook;Teste4096;63777
1191;CelAndroid;Teste4096;2271
1192;CelLuca;Teste4096;390
1193;MacBook;Teste4096;63772
1194;CelLuca;Teste4096;405
1204;CelLuca;Teste4096;385
1205;MacBook;Teste4096;63776
1206;CelAndroid;Teste4096;2275
1207;CelLuca;Teste4096;380
1208;MacBook;Teste4096;63765
1209;CelAndroid;Teste4096;2276
1210;CelLuca;Teste4096;390
1211;MacBook;Teste4096;63774
1212;CelAndroid;Teste4096;2293
1213;CelLuca;Teste4096;400
1214;CelAndroid;Teste4096;2279
1215;CelLuca;Teste4096;395
1216;MacBook;Teste4096;63766
1217;MacBook;Teste4096;63757
1218;CelAndroid;Teste4096;2280
1228;MacBook;Teste4096;63773
1246;CelAndroid;Teste4096;2276
1247;MacBook;Teste4096;63775
1248;CelAndroid;Teste4096;2290
1249;CelLuca;Teste4096;398
1250;MacBook;Teste4096;63777
1252;CelAndroid;Teste4096;2292
1272;CelAndroid;Teste4096;2290
1273;CelLuca;Teste4096;405
1274;MacBook;Teste4096;63767
1275;CelAndroid;Teste4096;2266
1279;CelLuca;Teste4096;365
1280;MacBook;Teste4096;63755
1321;CelAndroid;Teste4096;2281
1322;MacBook;Teste4096;63770
1323;CelAndroid;Teste4096;2287
1324;CelLuca;Teste4096;392
1325;MacBook;Teste4096;63776
1326;CelLuca;Teste4096;396
1327;CelAndroid;Teste4096;2278
1328;MacBook;Teste4096;63771
1329;CelLuca;Teste4096;379
1330;CelAndroid;Teste4096;2255
1331;CelAndroid;Teste4096;2286
1332;MacBook;Teste4096;63775
1333;CelLuca;Teste4096;372
1334;MacBook;Teste4096;63762
1335;CelAndroid;Teste4096;2269
1336;CelLuca;Teste4096;377
1338;MacBook;Teste4096;63767
1339;CelLuca;Teste4096;357
1340;MacBook;Teste4096;63773
1341;CelAndroid;Teste4096;2281
1342;CelLuca;Teste4096;396
1343;MacBook;Teste4096;63767
1344;CelAndroid;Teste4096;2284
1345;CelLuca;Teste4096;390
1346;MacBook;Teste4096;63778
1347;CelAndroid;Teste4096;2287
1359;MacBook;Teste4096;63751
1360;CelAndroid;Teste4096;2263
1361;MacBook;Teste4096;63771
1362;CelAndroid;Teste4096;2281
1363;CelLuca;Teste4096;385
1364;MacBook;Teste4096;63775
1365;CelAndroid;Teste4096;2276
1381;CelAndroid;Teste4096;2272
1382;MacBook;Teste4096;63769
1383;CelAndroid;Teste4096;2290
1384;CelLuca;Teste4096;386
1385;MacBook;Teste4096;63775
1386;CelAndroid;Teste4096;2285
1393;CelAndroid;Teste4096;2271
1394;MacBook;Teste4096;63766
1395;CelAndroid;Teste4096;2292
1396;CelLuca;Teste4096;413
1397;MacBook;Teste4096;63772
1398;CelAndroid;Teste4096;2285
1399;CelLuca;Teste4096;397
1400;MacBook;Teste4096;63763
1401;CelAndroid;Teste4096;2260
1402;CelLuca;Teste4096;381
1403;MacBook;Teste4096;63778
1404;CelLuca;Teste4096;403
1405;CelAndroid;Teste4096;2278
1406;MacBook;Teste4096;63778
1407;CelAndroid;Teste4096;2281
1408;CelLuca;Teste4096;397
1409;MacBook;Teste4096;63761
1410;CelAndroid;Teste4096;2258
1426;CelAndroid;Teste4096;2274
1141;CelLuca;Teste4096;394
1142;MacBook;Teste4096;63776
1143;CelAndroid;Teste4096;2286
1144;CelLuca;Teste4096;394
1145;MacBook;Teste4096;63774
1146;CelAndroid;Teste4096;2279
1147;CelLuca;Teste4096;386
1148;MacBook;Teste4096;63783
1149;CelAndroid;Teste4096;2291
1150;CelLuca;Teste4096;400
1151;MacBook;Teste4096;63772
1152;CelAndroid;Teste4096;2283
1153;CelLuca;Teste4096;370
1154;MacBook;Teste4096;63763
1155;CelLuca;Teste4096;387
1156;CelAndroid;Teste4096;2263
1157;MacBook;Teste4096;63769
1158;CelAndroid;Teste4096;2287
1159;CelLuca;Teste4096;390
1160;MacBook;Teste4096;63771
1161;CelAndroid;Teste4096;2279
1162;CelLuca;Teste4096;391
1163;MacBook;Teste4096;63778
1164;CelAndroid;Teste4096;2279
1195;CelAndroid;Teste4096;2280
1196;MacBook;Teste4096;63757
1197;CelLuca;Teste4096;394
1198;CelAndroid;Teste4096;2261
1199;MacBook;Teste4096;63778
1200;CelLuca;Teste4096;408
1201;CelAndroid;Teste4096;2270
1202;MacBook;Teste4096;63764
1203;CelAndroid;Teste4096;2264
1219;CelLuca;Teste4096;399
1220;MacBook;Teste4096;63766
1221;CelAndroid;Teste4096;2280
1222;CelLuca;Teste4096;398
1223;CelAndroid;Teste4096;2285
1224;CelLuca;Teste4096;400
1225;CelAndroid;Teste4096;2283
1226;CelLuca;Teste4096;392
1227;MacBook;Teste4096;63775
1229;MacBook;Teste4096;63761
1230;CelLuca;Teste4096;396
1231;CelAndroid;Teste4096;2265
1232;MacBook;Teste4096;63761
1233;CelLuca;Teste4096;413
1234;CelAndroid;Teste4096;2286
1235;MacBook;Teste4096;63775
1236;CelAndroid;Teste4096;2279
1237;CelLuca;Teste4096;388
1238;MacBook;Teste4096;63770
1239;CelAndroid;Teste4096;2287
1240;CelLuca;Teste4096;403
1241;MacBook;Teste4096;63773
1242;CelLuca;Teste4096;406
1243;CelAndroid;Teste4096;2285
1244;MacBook;Teste4096;63769
1245;CelLuca;Teste4096;396
1251;CelLuca;Teste4096;407
1253;MacBook;Teste4096;63767
1254;CelAndroid;Teste4096;2279
1255;CelLuca;Teste4096;382
1256;MacBook;Teste4096;63778
1257;CelAndroid;Teste4096;2281
1258;CelLuca;Teste4096;399
1259;MacBook;Teste4096;63770
1260;CelLuca;Teste4096;407
1261;CelAndroid;Teste4096;2272
1262;MacBook;Teste4096;63771
1263;CelAndroid;Teste4096;2276
1264;CelLuca;Teste4096;389
1265;MacBook;Teste4096;63778
1266;CelLuca;Teste4096;406
1267;CelAndroid;Teste4096;2278
1268;MacBook;Teste4096;63776
1269;CelAndroid;Teste4096;2282
1270;CelLuca;Teste4096;395
1271;MacBook;Teste4096;63768
1276;CelLuca;Teste4096;387
1277;MacBook;Teste4096;63743
1278;CelAndroid;Teste4096;2245
1281;CelAndroid;Teste4096;2277
1282;CelLuca;Teste4096;379
1283;MacBook;Teste4096;63766
1284;CelLuca;Teste4096;398
1285;CelAndroid;Teste4096;2271
1286;MacBook;Teste4096;63772
1287;CelLuca;Teste4096;403
1288;CelAndroid;Teste4096;2265
1289;MacBook;Teste4096;63777
1290;CelAndroid;Teste4096;2282
1291;CelLuca;Teste4096;380
1292;MacBook;Teste4096;63765
1293;CelLuca;Teste4096;404
1294;CelAndroid;Teste4096;2264
1295;MacBook;Teste4096;63769
1296;CelAndroid;Teste4096;2281
1297;CelLuca;Teste4096;391
1298;MacBook;Teste4096;63770
1299;CelLuca;Teste4096;403
1300;CelAndroid;Teste4096;2274
1301;MacBook;Teste4096;63774
1302;CelAndroid;Teste4096;2288
1303;CelLuca;Teste4096;393
1304;MacBook;Teste4096;63770
1305;CelAndroid;Teste4096;2282
1306;CelLuca;Teste4096;397
1307;MacBook;Teste4096;63770
1308;CelAndroid;Teste4096;2288
1309;CelLuca;Teste4096;400
1310;MacBook;Teste4096;63767
1311;CelAndroid;Teste4096;2286
1312;CelLuca;Teste4096;401
1313;MacBook;Teste4096;63776
1314;CelLuca;Teste4096;409
1315;CelAndroid;Teste4096;2282
1316;MacBook;Teste4096;63779
1317;CelAndroid;Teste4096;2280
1318;CelLuca;Teste4096;392
1319;MacBook;Teste4096;63766
1320;CelLuca;Teste4096;400
1337;CelAndroid;Teste4096;2293
1348;CelLuca;Teste4096;409
1349;MacBook;Teste4096;63774
1350;CelAndroid;Teste4096;2290
1351;CelLuca;Teste4096;401
1352;MacBook;Teste4096;63766
1353;CelAndroid;Teste4096;2294
1354;CelLuca;Teste4096;408
1355;MacBook;Teste4096;63781
1356;CelAndroid;Teste4096;2277
1357;CelLuca;Teste4096;386
1358;CelLuca;Teste4096;409
1366;CelLuca;Teste4096;393
1367;MacBook;Teste4096;63765
1368;CelLuca;Teste4096;402
1369;CelAndroid;Teste4096;2276
1370;MacBook;Teste4096;63781
1371;CelAndroid;Teste4096;2287
1372;CelLuca;Teste4096;387
1373;MacBook;Teste4096;63766
1374;CelLuca;Teste4096;403
1375;CelAndroid;Teste4096;2274
1376;MacBook;Teste4096;63777
1377;CelAndroid;Teste4096;2281
1378;CelLuca;Teste4096;393
1379;MacBook;Teste4096;63779
1380;CelLuca;Teste4096;397
1387;CelLuca;Teste4096;405
1388;MacBook;Teste4096;63777
1389;CelAndroid;Teste4096;2277
1390;CelLuca;Teste4096;390
1391;MacBook;Teste4096;63774
1392;CelLuca;Teste4096;392
1411;CelLuca;Teste4096;383
1412;MacBook;Teste4096;63779
1413;CelLuca;Teste4096;408
1414;CelAndroid;Teste4096;2280
1415;MacBook;Teste4096;63779
1416;CelAndroid;Teste4096;2285
1417;CelLuca;Teste4096;387
1418;MacBook;Teste4096;63760
1419;CelAndroid;Teste4096;2279
1420;CelLuca;Teste4096;394
1421;MacBook;Teste4096;63767
1422;CelAndroid;Teste4096;2271
1423;CelLuca;Teste4096;386
1424;MacBook;Teste4096;63771
1425;CelLuca;Teste4096;398
1435;CelAndroid;Teste4096;2280
1436;MacBook;Teste4096;63773
1427;MacBook;Teste4096;63779
1428;CelLuca;Teste4096;402
1429;CelAndroid;Teste4096;2273
1430;MacBook;Teste4096;63760
1431;CelAndroid;Teste4096;2287
1432;CelLuca;Teste4096;388
1433;MacBook;Teste4096;63770
1434;CelLuca;Teste4096;402
1438;CelLuca;Teste4096;396
1439;MacBook;Teste4096;63770
1440;CelLuca;Teste4096;390
1441;CelAndroid;Teste4096;2274
1442;MacBook;Teste4096;63750
1444;CelLuca;Teste4096;386
1445;MacBook;Teste4096;63767
1446;CelAndroid;Teste4096;2271
1447;CelLuca;Teste4096;387
1448;MacBook;Teste4096;63772
1449;CelAndroid;Teste4096;2279
1459;CelLuca;Teste4096;387
1460;MacBook;Teste4096;63773
1461;CelAndroid;Teste4096;2278
1462;CelLuca;Teste4096;393
1463;MacBook;Teste4096;63768
1464;CelAndroid;Teste4096;2284
1465;CelLuca;Teste4096;378
1466;MacBook;Teste4096;63753
1467;CelAndroid;Teste4096;2261
1468;CelLuca;Teste4096;377
1469;MacBook;Teste4096;63771
1470;CelAndroid;Teste4096;2280
1471;CelLuca;Teste4096;392
1472;MacBook;Teste4096;63774
1473;CelLuca;Teste4096;407
1474;CelAndroid;Teste4096;2273
1475;MacBook;Teste4096;63769
1476;CelAndroid;Teste4096;2281
1477;CelLuca;Teste4096;396
1478;MacBook;Teste4096;63772
1479;CelLuca;Teste4096;408
1492;CelLuca;Teste4096;393
1493;MacBook;Teste4096;63768
1494;CelAndroid;Teste4096;2277
1495;MacBook;Teste4096;63766
1496;CelAndroid;Teste4096;2266
1497;MacBook;Teste4096;63767
1498;CelAndroid;Teste4096;2283
1499;MacBook;Teste4096;63760
1500;CelAndroid;Teste4096;2281
1501;MacBook;Teste4096;63773
1502;CelAndroid;Teste4096;2274
1503;MacBook;Teste4096;63779
1504;CelAndroid;Teste4096;2285
1505;MacBook;Teste4096;63753
1506;CelAndroid;Teste4096;2270
1507;MacBook;Teste4096;63773
1508;CelAndroid;Teste4096;2277
1509;MacBook;Teste4096;63774
1510;CelAndroid;Teste4096;2256
1511;MacBook;Teste4096;63757
1512;CelAndroid;Teste4096;2269
1513;CelAndroid;Teste4096;2265
1514;CelAndroid;Teste4096;2245
1515;CelAndroid;Teste4096;2263
1516;CelAndroid;Teste4096;2273
1517;CelAndroid;Teste4096;2279
1518;CelAndroid;Teste4096;2284
1519;CelAndroid;Teste4096;2288
1520;CelAndroid;Teste4096;2280
1521;CelAndroid;Teste4096;2283
1522;CelAndroid;Teste4096;2287
1523;CelAndroid;Teste4096;2265
1524;CelAndroid;Teste4096;2291
1525;CelAndroid;Teste4096;2287
1526;CelAndroid;Teste4096;2288
1437;CelAndroid;Teste4096;2270
1443;CelAndroid;Teste4096;2271
1450;CelLuca;Teste4096;400
1451;MacBook;Teste4096;63773
1452;CelAndroid;Teste4096;2278
1453;CelLuca;Teste4096;392
1454;MacBook;Teste4096;63760
1455;CelLuca;Teste4096;395
1456;CelAndroid;Teste4096;2264
1457;MacBook;Teste4096;63772
1458;CelAndroid;Teste4096;2270
1480;CelAndroid;Teste4096;2287
1481;MacBook;Teste4096;63778
1482;CelAndroid;Teste4096;2291
1483;CelLuca;Teste4096;389
1484;MacBook;Teste4096;63780
1485;CelAndroid;Teste4096;2277
1486;CelLuca;Teste4096;392
1487;MacBook;Teste4096;63767
1488;CelAndroid;Teste4096;2284
1489;CelLuca;Teste4096;385
1490;MacBook;Teste4096;63759
1491;CelAndroid;Teste4096;2275
1527;MacBook;Teste16384;63751
1528;CelLuca;Teste16384;249
1529;CelAndroid;Teste16384;2120
1530;CelLuca;Teste16384;276
1531;MacBook;Teste16384;63597
1532;CelAndroid;Teste16384;2118
1533;CelAndroid;Teste16384;1943
1534;CelLuca;Teste16384;65
1535;MacBook;Teste16384;63393
1536;CelLuca;Teste16384;91
1537;CelAndroid;Teste16384;1932
1538;MacBook;Teste16384;63382
1539;CelLuca;Teste16384;126
1540;CelAndroid;Teste16384;1907
1541;MacBook;Teste16384;63354
1542;CelAndroid;Teste16384;2037
1543;CelLuca;Teste16384;5
1559;CelLuca;Teste16384;112
1560;CelLuca;Teste16384;173
1561;MacBook;Teste16384;63480
1562;CelAndroid;Teste16384;1931
1563;CelAndroid;Teste16384;2042
1564;CelLuca;Teste16384;32
1565;MacBook;Teste16384;63334
1566;CelLuca;Teste16384;155
1567;MacBook;Teste16384;63415
1568;CelAndroid;Teste16384;1902
1569;CelAndroid;Teste16384;1990
1570;MacBook;Teste16384;63453
1571;CelLuca;Teste16384;34
1572;CelLuca;Teste16384;200
1573;CelAndroid;Teste16384;1991
1574;MacBook;Teste16384;63443
1575;CelLuca;Teste16384;208
1576;CelAndroid;Teste16384;2049
1577;MacBook;Teste16384;63408
1578;CelLuca;Teste16384;195
1579;CelAndroid;Teste16384;2000
1580;MacBook;Teste16384;63466
1581;CelLuca;Teste16384;209
1582;CelAndroid;Teste16384;2042
1583;MacBook;Teste16384;63502
1584;CelAndroid;Teste16384;2031
1585;MacBook;Teste16384;63468
1586;CelLuca;Teste16384;39
1587;CelLuca;Teste16384;173
1588;CelAndroid;Teste16384;2011
1589;MacBook;Teste16384;63359
1590;CelLuca;Teste16384;125
1591;CelAndroid;Teste16384;1967
1592;MacBook;Teste16384;63421
1593;CelAndroid;Teste16384;2058
1594;MacBook;Teste16384;63485
1595;CelLuca;Teste16384;130
1596;CelLuca;Teste16384;204
1597;MacBook;Teste16384;63531
1598;CelAndroid;Teste16384;1996
1599;CelLuca;Teste16384;207
1600;CelAndroid;Teste16384;2060
1601;MacBook;Teste16384;63411
1602;CelLuca;Teste16384;120
1616;CelLuca;Teste16384;162
1617;CelLuca;Teste16384;196
1618;CelAndroid;Teste16384;2035
1619;MacBook;Teste16384;63484
1620;CelLuca;Teste16384;205
1621;CelAndroid;Teste16384;1997
1622;MacBook;Teste16384;63416
1623;CelLuca;Teste16384;215
1624;CelAndroid;Teste16384;2064
1625;MacBook;Teste16384;63496
1626;CelAndroid;Teste16384;2000
1649;MacBook;Teste16384;63531
1650;CelAndroid;Teste16384;2028
1651;CelLuca;Teste16384;129
1652;MacBook;Teste16384;63455
1653;CelLuca;Teste16384;214
1654;CelAndroid;Teste16384;1991
1655;MacBook;Teste16384;63437
1656;CelAndroid;Teste16384;2097
1657;CelLuca;Teste16384;153
1658;CelAndroid;Teste16384;2050
1659;CelLuca;Teste16384;169
1660;MacBook;Teste16384;63102
1661;MacBook;Teste16384;63199
1662;CelLuca;Teste16384;211
1663;CelAndroid;Teste16384;2075
1664;MacBook;Teste16384;63390
1665;MacBook;Teste16384;63534
1666;CelAndroid;Teste16384;2034
1667;CelLuca;Teste16384;44
1669;CelAndroid;Teste16384;2072
1670;MacBook;Teste16384;63365
1671;CelAndroid;Teste16384;2062
1672;MacBook;Teste16384;63527
1673;CelLuca;Teste16384;170
1674;CelLuca;Teste16384;195
1675;CelAndroid;Teste16384;2003
1676;MacBook;Teste16384;63459
1677;CelLuca;Teste16384;217
1678;CelAndroid;Teste16384;1992
1679;MacBook;Teste16384;63427
1680;CelAndroid;Teste16384;2081
1681;CelLuca;Teste16384;145
1682;MacBook;Teste16384;63482
1683;MacBook;Teste16384;63549
1684;CelLuca;Teste16384;199
1685;CelAndroid;Teste16384;2012
1686;CelLuca;Teste16384;225
1687;MacBook;Teste16384;63534
1688;CelAndroid;Teste16384;1981
1689;CelAndroid;Teste16384;2107
1690;CelLuca;Teste16384;140
1691;MacBook;Teste16384;63376
1692;CelLuca;Teste16384;204
1693;MacBook;Teste16384;63451
1694;MacBook;Teste16384;63525
1695;CelLuca;Teste16384;165
1696;CelLuca;Teste16384;215
1697;MacBook;Teste16384;63473
1698;CelLuca;Teste16384;219
1699;CelLuca;Teste16384;155
1700;CelLuca;Teste16384;206
1544;MacBook;Teste16384;63322
1545;CelLuca;Teste16384;135
1546;CelAndroid;Teste16384;1923
1547;MacBook;Teste16384;63377
1548;CelAndroid;Teste16384;2040
1549;CelLuca;Teste16384;92
1550;MacBook;Teste16384;63423
1551;CelLuca;Teste16384;208
1552;MacBook;Teste16384;63405
1553;CelAndroid;Teste16384;1923
1554;CelAndroid;Teste16384;2071
1555;MacBook;Teste16384;63452
1556;CelLuca;Teste16384;43
1557;CelAndroid;Teste16384;1971
1558;MacBook;Teste16384;63254
1603;CelAndroid;Teste16384;1990
1604;MacBook;Teste16384;63442
1605;CelLuca;Teste16384;211
1606;MacBook;Teste16384;63532
1607;CelAndroid;Teste16384;1959
1608;CelAndroid;Teste16384;2121
1609;MacBook;Teste16384;63529
1610;CelLuca;Teste16384;59
1611;CelLuca;Teste16384;204
1612;CelAndroid;Teste16384;2007
1613;MacBook;Teste16384;63460
1614;CelAndroid;Teste16384;2114
1615;MacBook;Teste16384;63508
1627;CelLuca;Teste16384;119
1628;MacBook;Teste16384;63313
1629;CelLuca;Teste16384;211
1630;MacBook;Teste16384;63527
1631;CelAndroid;Teste16384;1987
1632;CelAndroid;Teste16384;2098
1633;MacBook;Teste16384;63490
1634;CelLuca;Teste16384;61
1635;CelLuca;Teste16384;209
1636;MacBook;Teste16384;63537
1637;CelAndroid;Teste16384;2008
1638;MacBook;Teste16384;63525
1639;CelLuca;Teste16384;171
1640;CelAndroid;Teste16384;2032
1641;CelLuca;Teste16384;189
1642;CelAndroid;Teste16384;2035
1643;MacBook;Teste16384;63478
1644;CelLuca;Teste16384;196
1645;CelAndroid;Teste16384;1998
1646;MacBook;Teste16384;63349
1647;CelLuca;Teste16384;216
1648;CelAndroid;Teste16384;2064
1668;CelLuca;Teste16384;195
128;MacBook;Teste8192;63734
130;CelLuca;Teste8192;316
132;CelLuca;Teste8192;414
133;MacBook;Teste8192;63720
134;MacBook;Teste8192;63794
136;CelLuca;Teste8192;425
138;CelLuca;Teste8192;336
139;MacBook;Teste8192;63668
141;MacBook;Teste8192;63634
142;CelLuca;Teste8192;266
143;CelLuca;Teste8192;229
144;MacBook;Teste8192;63519
145;MacBook;Teste8192;63596
147;CelLuca;Teste8192;230
150;MacBook;Teste8192;63616
151;CelLuca;Teste8192;260
153;CelLuca;Teste8192;97
154;MacBook;Teste8192;63459
156;MacBook;Teste8192;63476
157;CelLuca;Teste8192;104
158;CelLuca;Teste8192;15
160;MacBook;Teste8192;63220
162;MacBook;Teste8192;63352
163;CelLuca;Teste8192;0
165;CelLuca;Teste8192;18
166;MacBook;Teste8192;63288
168;MacBook;Teste8192;63335
169;CelLuca;Teste8192;42
170;MacBook;Teste8192;63393
172;CelLuca;Teste8192;66
174;MacBook;Teste8192;63318
175;CelLuca;Teste8192;29
176;CelLuca;Teste8192;73
178;MacBook;Teste8192;63217
179;MacBook;Teste8192;63294
180;CelLuca;Teste8192;78
182;CelLuca;Teste8192;37
183;MacBook;Teste8192;63359
185;MacBook;Teste8192;63412
187;CelLuca;Teste8192;49
188;MacBook;Teste8192;63347
190;CelLuca;Teste8192;12
191;MacBook;Teste8192;63433
192;CelLuca;Teste8192;78
194;MacBook;Teste8192;63479
196;CelLuca;Teste8192;104
198;CelLuca;Teste8192;73
199;MacBook;Teste8192;63396
201;MacBook;Teste8192;63477
202;CelLuca;Teste8192;77
204;MacBook;Teste8192;63175
205;CelLuca;Teste8192;246
206;CelLuca;Teste8192;395
207;MacBook;Teste8192;62930
209;MacBook;Teste8192;62922
211;CelLuca;Teste8192;447
212;MacBook;Teste8192;62696
213;CelLuca;Teste8192;664
215;MacBook;Teste8192;62683
217;CelLuca;Teste8192;807
219;CelLuca;Teste8192;750
220;MacBook;Teste8192;62559
221;MacBook;Teste8192;62633
223;CelLuca;Teste8192;764
224;MacBook;Teste8192;62508
225;CelLuca;Teste8192;845
227;CelLuca;Teste8192;895
229;MacBook;Teste8192;62401
231;CelLuca;Teste8192;929
232;MacBook;Teste8192;62382
234;MacBook;Teste8192;62363
235;CelLuca;Teste8192;984
236;MacBook;Teste8192;62430
237;CelLuca;Teste8192;928
240;CelLuca;Teste8192;988
242;MacBook;Teste8192;62228
243;CelLuca;Teste8192;926
244;MacBook;Teste8192;62379
245;MacBook;Teste8192;62454
247;CelLuca;Teste8192;916
249;CelLuca;Teste8192;929
250;MacBook;Teste8192;62372
251;MacBook;Teste8192;62411
252;CelLuca;Teste8192;968
254;MacBook;Teste8192;62472
256;CelLuca;Teste8192;920
257;MacBook;Teste8192;62509
259;CelLuca;Teste8192;915
261;MacBook;Teste8192;62499
262;CelLuca;Teste8192;870
263;CelLuca;Teste8192;831
264;MacBook;Teste8192;62485
530;MacBook;Teste8192;62934
531;CelLuca;Teste8192;439
533;MacBook;Teste8192;62988
534;CelLuca;Teste8192;440
367;MacBook;Teste8192;62920
371;MacBook;Teste8192;62906
372;MacBook;Teste8192;62732
382;MacBook;Teste8192;63116
384;MacBook;Teste8192;62773
397;MacBook;Teste8192;62779
405;MacBook;Teste8192;62850
409;MacBook;Teste8192;62894
414;CelLuca;Teste8192;5089
425;CelLuca;Teste8192;3803
426;CelLuca;Teste8192;3735
435;MacBook;Teste8192;62728
436;CelLuca;Teste8192;3412
438;MacBook;Teste8192;62822
446;CelLuca;Teste8192;2725
453;CelLuca;Teste8192;2026
454;MacBook;Teste8192;62775
457;CelLuca;Teste8192;1985
459;MacBook;Teste8192;62955
464;CelLuca;Teste8192;1857
465;CelLuca;Teste8192;1711
466;CelLuca;Teste8192;1554
467;CelLuca;Teste8192;1399
468;CelLuca;Teste8192;1274
469;CelLuca;Teste8192;1120
470;CelLuca;Teste8192;962
471;CelLuca;Teste8192;808
472;CelLuca;Teste8192;648
473;CelLuca;Teste8192;723
484;CelLuca;Teste8192;441
485;CelLuca;Teste8192;293
487;MacBook;Teste8192;62219
488;MacBook;Teste8192;62392
489;MacBook;Teste8192;62528
496;CelLuca;Teste8192;754
497;MacBook;Teste8192;62735
690;MacBook;Teste8192;62799
695;CelLuca;Teste8192;424
696;CelLuca;Teste8192;321
698;MacBook;Teste8192;62553
699;MacBook;Teste8192;62720
700;MacBook;Teste8192;62877
701;MacBook;Teste8192;62784
702;CelLuca;Teste8192;582
723;CelLuca;Teste8192;553
724;MacBook;Teste8192;62928
725;CelLuca;Teste8192;473
726;MacBook;Teste8192;62986
727;CelLuca;Teste8192;364
728;MacBook;Teste8192;62601
729;MacBook;Teste8192;62709
730;MacBook;Teste8192;62760
731;MacBook;Teste8192;62864
732;MacBook;Teste8192;62923
733;MacBook;Teste8192;63017
258;CelAndroid;Teste8192;1030
260;CelAndroid;Teste8192;1039
265;CelAndroid;Teste8192;1040
532;CelAndroid;Teste8192;1370
365;CelAndroid;Teste8192;1352
368;CelAndroid;Teste8192;1230
369;CelAndroid;Teste8192;1302
370;CelAndroid;Teste8192;1449
373;CelAndroid;Teste8192;1172
376;CelAndroid;Teste8192;1456
379;CelAndroid;Teste8192;1500
383;CelAndroid;Teste8192;1622
385;CelAndroid;Teste8192;1260
387;CelAndroid;Teste8192;1339
388;CelAndroid;Teste8192;1397
406;CelAndroid;Teste8192;1172
410;CelAndroid;Teste8192;1460
434;CelAndroid;Teste8192;1363
437;CelAndroid;Teste8192;1391
458;CelAndroid;Teste8192;1373
463;CelAndroid;Teste8192;1535
486;CelAndroid;Teste8192;1559
494;CelAndroid;Teste8192;1122
495;CelAndroid;Teste8192;1266
676;CelAndroid;Teste8192;1315
697;CelAndroid;Teste8192;1542
703;CelAndroid;Teste8192;1279
704;CelAndroid;Teste8192;1398
279;MacBook;Teste8192;62856
280;CelLuca;Teste8192;523
288;CelLuca;Teste8192;539
289;MacBook;Teste8192;62741
340;CelLuca;Teste8192;509
343;MacBook;Teste8192;62911
344;MacBook;Teste8192;62686
281;CelAndroid;Teste8192;1295
286;CelAndroid;Teste8192;1350
287;CelAndroid;Teste8192;1370
345;CelAndroid;Teste8192;1079